INSERT INTO users (id, name, age) VALUES (1, "Alonzo", 12);
INSERT INTO users (id, name, age) VALUES (2, "Baron", 34);
INSERT INTO users (id, name, age) VALUES (3, "Cassidy", 22);
INSERT INTO users (id, name, age) VALUES (4, "Derek", 34);
INSERT INTO users (id, name, age) VALUES (5, "Ernest", 44);
INSERT INTO users (id, name, age) VALUES (6, "Fred", 42);
INSERT INTO users (id, name, age) VALUES (7, "Gail", 60);
INSERT INTO users (id, name, age) VALUES (8, "Hannah", 71);
INSERT INTO users (id, name, age) VALUES (9, "Irma", 23);
INSERT INTO users (id, name, age) VALUES (10, "Jack", 24);
INSERT INTO users (id, name, age) VALUES (11, "Kiki", 65);
INSERT INTO users (id, name, age) VALUES (12, "Larry", 90);
INSERT INTO users (id, name, age) VALUES (13, "Mac", 78);
INSERT INTO users (id, name, age) VALUES (14, "Nerd", 20);
INSERT INTO users (id, name, age) VALUES (15, "Ola", 50);
INSERT INTO users (id, name, age) VALUES (16, "Petrov", 32);
INSERT INTO users (id, name, age) VALUES (17, "Quentin", 40);
INSERT INTO users (id, name, age) VALUES (18, "Ralph", 89);
INSERT INTO users (id, name, age) VALUES (19, "Sandra", 50);
INSERT INTO users (id, name, age) VALUES (20, "Tammy", 9);
INSERT INTO projects (id, title, category, funding_goal, start_date, end_date) VALUES (1, "Alpaca Research", "animal welfare", 1000, 1999, 2000);
INSERT INTO projects (id, title, category, funding_goal, start_date, end_date) VALUES (2, "Bromance Support", "mental health", 2000, 2000, 2001);
INSERT INTO projects (id, title, category, funding_goal, start_date, end_date) VALUES (3, "Casual Jeans", "clothing for the needy", 3000, 2001, 2002);
INSERT INTO projects (id, title, category, funding_goal, start_date, end_date) VALUES (4, "Delta Force", "military veterans", 4000, 2002, 2003);
INSERT INTO projects (id, title, category, funding_goal, start_date, end_date) VALUES (5, "Economic Renewal", "support for needy", 5000, 2004, 2005);
INSERT INTO projects (id, title, category, funding_goal, start_date, end_date) VALUES (6, "Family Planning", "pregnancy prevention", 6000, 2005, 2006);
INSERT INTO projects (id, title, category, funding_goal, start_date, end_date) VALUES (7, "Group Therapy", "mental health", 7000, 2006, 2007);
INSERT INTO projects (id, title, category, funding_goal, start_date, end_date) VALUES (8, "Heart Attacks", "prevention of disease", 8000, 2007, 2008);
INSERT INTO projects (id, title, category, funding_goal, start_date, end_date) VALUES (9, "Infant Formula", "help for hungry children", 9000, 2009, 2010);
INSERT INTO projects (id, title, category, funding_goal, start_date, end_date) VALUES (10, "Jurassic Park", "genetic research into dinosaurs", 10000, 2011, 2012);
INSERT INTO pledges (id, amount, user_id, project_id) VALUES (1, 10, 1, 1);
INSERT INTO pledges (id, amount, user_id, project_id) VALUES (2, 20, 1, 2);
INSERT INTO pledges (id, amount, user_id, project_id) VALUES (3, 30, 2, 1);
INSERT INTO pledges (id, amount, user_id, project_id) VALUES (4, 40, 3, 1);
INSERT INTO pledges (id, amount, user_id, project_id) VALUES (5, 50, 3, 4);
INSERT INTO pledges (id, amount, user_id, project_id) VALUES (6, 60, 4, 5);
INSERT INTO pledges (id, amount, user_id, project_id) VALUES (7, 70, 5, 6);
INSERT INTO pledges (id, amount, user_id, project_id) VALUES (8, 80, 6, 7);
INSERT INTO pledges (id, amount, user_id, project_id) VALUES (9, 90, 7, 8);
INSERT INTO pledges (id, amount, user_id, project_id) VALUES (10, 100, 8, 9);
INSERT INTO pledges (id, amount, user_id, project_id) VALUES (11, 110, 9, 10);
INSERT INTO pledges (id, amount, user_id, project_id) VALUES (12, 120, 10, 9);
INSERT INTO pledges (id, amount, user_id, project_id) VALUES (13, 130, 9, 8);
INSERT INTO pledges (id, amount, user_id, project_id) VALUES (14, 140, 8, 7);
INSERT INTO pledges (id, amount, user_id, project_id) VALUES (15, 150, 7, 6);
INSERT INTO pledges (id, amount, user_id, project_id) VALUES (16, 160, 20, 5);
INSERT INTO pledges (id, amount, user_id, project_id) VALUES (17, 170, 19, 4);
INSERT INTO pledges (id, amount, user_id, project_id) VALUES (18, 180, 18, 3);
INSERT INTO pledges (id, amount, user_id, project_id) VALUES (19, 190, 17, 2);
INSERT INTO pledges (id, amount, user_id, project_id) VALUES (20, 200, 16, 1);
INSERT INTO pledges (id, amount, user_id, project_id) VALUES (21, 210, 15, 10);
INSERT INTO pledges (id, amount, user_id, project_id) VALUES (22, 220, 14, 9);
INSERT INTO pledges (id, amount, user_id, project_id) VALUES (23, 230, 13, 8);
INSERT INTO pledges (id, amount, user_id, project_id) VALUES (24, 240, 12, 7);
INSERT INTO pledges (id, amount, user_id, project_id) VALUES (25, 250, 11, 6);
INSERT INTO pledges (id, amount, user_id, project_id) VALUES (26, 260, 10, 1);
INSERT INTO pledges (id, amount, user_id, project_id) VALUES (27, 270, 11, 5);
INSERT INTO pledges (id, amount, user_id, project_id) VALUES (28, 280, 15, 7);
INSERT INTO pledges (id, amount, user_id, project_id) VALUES (29, 290, 20, 3);
INSERT INTO pledges (id, amount, user_id, project_id) VALUES (30, 300, 19, 6);
